fecha,vacunadostot100,iddistrito,distrito
2021-08-28,62,2,Buenos Aires
2021-08-28,72,1,CABA
2021-08-28,69,3,Catamarca
2021-08-28,58,6,Chaco
2021-08-28,56,7,Chubut
2021-08-28,62,4,Córdoba
2021-08-28,62,5,Corrientes
2021-08-28,61,8,Entre Ríos
2021-08-28,68,9,Formosa
2021-08-28,63,10,Jujuy
2021-08-28,64,11,La Pampa
2021-08-28,66,12,La Rioja
2021-08-28,61,13,Mendoza
2021-08-28,51,14,Misiones
2021-08-28,67,15,Neuquén
2021-08-28,64,16,Río Negro
2021-08-28,66,22,S del Estero
2021-08-28,55,17,Salta
2021-08-28,62,18,San Juan
2021-08-28,63,19,San Luis
2021-08-28,53,20,Santa Cruz
2021-08-28,65,21,Santa Fe
2021-08-28,61,23,T del Fuego
2021-08-28,58,24,Tucumán
2021-08-29,62,2,Buenos Aires
2021-08-29,72,1,CABA
2021-08-29,69,3,Catamarca
2021-08-29,58,6,Chaco
2021-08-29,56,7,Chubut
2021-08-29,62,4,Córdoba
2021-08-29,62,5,Corrientes
2021-08-29,61,8,Entre Ríos
2021-08-29,68,9,Formosa
2021-08-29,63,10,Jujuy
2021-08-29,65,11,La Pampa
2021-08-29,66,12,La Rioja
2021-08-29,61,13,Mendoza
2021-08-29,51,14,Misiones
2021-08-29,67,15,Neuquén
2021-08-29,64,16,Río Negro
2021-08-29,66,22,S del Estero
2021-08-29,55,17,Salta
2021-08-29,62,18,San Juan
2021-08-29,63,19,San Luis
2021-08-29,53,20,Santa Cruz
2021-08-29,65,21,Santa Fe
2021-08-29,61,23,T del Fuego
2021-08-29,58,24,Tucumán
2021-08-30,62,2,Buenos Aires
2021-08-30,72,1,CABA
2021-08-30,69,3,Catamarca
2021-08-30,58,6,Chaco
2021-08-30,56,7,Chubut
2021-08-30,63,4,Córdoba
2021-08-30,62,5,Corrientes
2021-08-30,61,8,Entre Ríos
2021-08-30,68,9,Formosa
2021-08-30,63,10,Jujuy
2021-08-30,65,11,La Pampa
2021-08-30,66,12,La Rioja
2021-08-30,61,13,Mendoza
2021-08-30,51,14,Misiones
2021-08-30,67,15,Neuquén
2021-08-30,64,16,Río Negro
2021-08-30,66,22,S del Estero
2021-08-30,55,17,Salta
2021-08-30,62,18,San Juan
2021-08-30,63,19,San Luis
2021-08-30,53,20,Santa Cruz
2021-08-30,65,21,Santa Fe
2021-08-30,62,23,T del Fuego
2021-08-30,59,24,Tucumán
2021-08-31,62,2,Buenos Aires
2021-08-31,73,1,CABA
2021-08-31,69,3,Catamarca
2021-08-31,58,6,Chaco
2021-08-31,57,7,Chubut
2021-08-31,63,4,Córdoba
2021-08-31,63,5,Corrientes
2021-08-31,61,8,Entre Ríos
2021-08-31,68,9,Formosa
2021-08-31,63,10,Jujuy
2021-08-31,66,11,La Pampa
2021-08-31,66,12,La Rioja
2021-08-31,61,13,Mendoza
2021-08-31,51,14,Misiones
2021-08-31,67,15,Neuquén
2021-08-31,64,16,Río Negro
2021-08-31,67,22,S del Estero
2021-08-31,55,17,Salta
2021-08-31,62,18,San Juan
2021-08-31,63,19,San Luis
2021-08-31,53,20,Santa Cruz
2021-08-31,66,21,Santa Fe
2021-08-31,62,23,T del Fuego
2021-08-31,59,24,Tucumán
2021-09-01,62,2,Buenos Aires
2021-09-01,73,1,CABA
2021-09-01,70,3,Catamarca
2021-09-01,59,6,Chaco
2021-09-01,57,7,Chubut
2021-09-01,63,4,Córdoba
2021-09-01,63,5,Corrientes
2021-09-01,62,8,Entre Ríos
2021-09-01,69,9,Formosa
2021-09-01,64,10,Jujuy
2021-09-01,66,11,La Pampa
2021-09-01,66,12,La Rioja
2021-09-01,61,13,Mendoza
2021-09-01,51,14,Misiones
2021-09-01,67,15,Neuquén
2021-09-01,64,16,Río Negro
2021-09-01,67,22,S del Estero
2021-09-01,55,17,Salta
2021-09-01,62,18,San Juan
2021-09-01,64,19,San Luis
2021-09-01,54,20,Santa Cruz
2021-09-01,66,21,Santa Fe
2021-09-01,62,23,T del Fuego
2021-09-01,59,24,Tucumán
2021-09-02,62,2,Buenos Aires
2021-09-02,73,1,CABA
2021-09-02,70,3,Catamarca
2021-09-02,59,6,Chaco
2021-09-02,57,7,Chubut
2021-09-02,64,4,Córdoba
2021-09-02,63,5,Corrientes
2021-09-02,62,8,Entre Ríos
2021-09-02,69,9,Formosa
2021-09-02,64,10,Jujuy
2021-09-02,66,11,La Pampa
2021-09-02,67,12,La Rioja
2021-09-02,61,13,Mendoza
2021-09-02,52,14,Misiones
2021-09-02,67,15,Neuquén
2021-09-02,64,16,Río Negro
2021-09-02,67,22,S del Estero
2021-09-02,56,17,Salta
2021-09-02,62,18,San Juan
2021-09-02,64,19,San Luis
2021-09-02,54,20,Santa Cruz
2021-09-02,66,21,Santa Fe
2021-09-02,62,23,T del Fuego
2021-09-02,59,24,Tucumán
2021-09-03,62,2,Buenos Aires
2021-09-03,73,1,CABA
2021-09-03,70,3,Catamarca
2021-09-03,59,6,Chaco
2021-09-03,57,7,Chubut
2021-09-03,64,4,Córdoba
2021-09-03,63,5,Corrientes
2021-09-03,62,8,Entre Ríos
2021-09-03,69,9,Formosa
2021-09-03,64,10,Jujuy
2021-09-03,66,11,La Pampa
2021-09-03,67,12,La Rioja
2021-09-03,61,13,Mendoza
2021-09-03,52,14,Misiones
2021-09-03,68,15,Neuquén
2021-09-03,65,16,Río Negro
2021-09-03,67,22,S del Estero
2021-09-03,56,17,Salta
2021-09-03,63,18,San Juan
2021-09-03,64,19,San Luis
2021-09-03,54,20,Santa Cruz
2021-09-03,66,21,Santa Fe
2021-09-03,63,23,T del Fuego
2021-09-03,59,24,Tucumán
2021-09-04,62,2,Buenos Aires
2021-09-04,73,1,CABA
2021-09-04,70,3,Catamarca
2021-09-04,59,6,Chaco
2021-09-04,57,7,Chubut
2021-09-04,64,4,Córdoba
2021-09-04,63,5,Corrientes
2021-09-04,62,8,Entre Ríos
2021-09-04,70,9,Formosa
2021-09-04,64,10,Jujuy
2021-09-04,66,11,La Pampa
2021-09-04,67,12,La Rioja
2021-09-04,61,13,Mendoza
2021-09-04,52,14,Misiones
2021-09-04,68,15,Neuquén
2021-09-04,65,16,Río Negro
2021-09-04,67,22,S del Estero
2021-09-04,56,17,Salta
2021-09-04,63,18,San Juan
2021-09-04,64,19,San Luis
2021-09-04,54,20,Santa Cruz
2021-09-04,66,21,Santa Fe
2021-09-04,63,23,T del Fuego
2021-09-04,59,24,Tucumán
2021-09-05,63,2,Buenos Aires
2021-09-05,73,1,CABA
2021-09-05,70,3,Catamarca
2021-09-05,59,6,Chaco
2021-09-05,57,7,Chubut
2021-09-05,64,4,Córdoba
2021-09-05,63,5,Corrientes
2021-09-05,62,8,Entre Ríos
2021-09-05,70,9,Formosa
2021-09-05,64,10,Jujuy
2021-09-05,66,11,La Pampa
2021-09-05,67,12,La Rioja
2021-09-05,61,13,Mendoza
2021-09-05,52,14,Misiones
2021-09-05,68,15,Neuquén
2021-09-05,65,16,Río Negro
2021-09-05,67,22,S del Estero
2021-09-05,56,17,Salta
2021-09-05,63,18,San Juan
2021-09-05,64,19,San Luis
2021-09-05,54,20,Santa Cruz
2021-09-05,66,21,Santa Fe
2021-09-05,63,23,T del Fuego
2021-09-05,59,24,Tucumán
2021-09-06,63,2,Buenos Aires
2021-09-06,73,1,CABA
2021-09-06,70,3,Catamarca
2021-09-06,59,6,Chaco
2021-09-06,58,7,Chubut
2021-09-06,64,4,Córdoba
2021-09-06,63,5,Corrientes
2021-09-06,63,8,Entre Ríos
2021-09-06,70,9,Formosa
2021-09-06,64,10,Jujuy
2021-09-06,66,11,La Pampa
2021-09-06,67,12,La Rioja
2021-09-06,61,13,Mendoza
2021-09-06,52,14,Misiones
2021-09-06,68,15,Neuquén
2021-09-06,65,16,Río Negro
2021-09-06,67,22,S del Estero
2021-09-06,56,17,Salta
2021-09-06,63,18,San Juan
2021-09-06,64,19,San Luis
2021-09-06,54,20,Santa Cruz
2021-09-06,67,21,Santa Fe
2021-09-06,63,23,T del Fuego
2021-09-06,59,24,Tucumán
2021-09-07,63,2,Buenos Aires
2021-09-07,73,1,CABA
2021-09-07,70,3,Catamarca
2021-09-07,59,6,Chaco
2021-09-07,58,7,Chubut
2021-09-07,64,4,Córdoba
2021-09-07,64,5,Corrientes
2021-09-07,63,8,Entre Ríos
2021-09-07,70,9,Formosa
2021-09-07,64,10,Jujuy
2021-09-07,66,11,La Pampa
2021-09-07,67,12,La Rioja
2021-09-07,61,13,Mendoza
2021-09-07,52,14,Misiones
2021-09-07,68,15,Neuquén
2021-09-07,65,16,Río Negro
2021-09-07,67,22,S del Estero
2021-09-07,56,17,Salta
2021-09-07,63,18,San Juan
2021-09-07,64,19,San Luis
2021-09-07,54,20,Santa Cruz
2021-09-07,67,21,Santa Fe
2021-09-07,63,23,T del Fuego
2021-09-07,60,24,Tucumán
2021-09-08,63,2,Buenos Aires
2021-09-08,73,1,CABA
2021-09-08,71,3,Catamarca
2021-09-08,59,6,Chaco
2021-09-08,58,7,Chubut
2021-09-08,64,4,Córdoba
2021-09-08,64,5,Corrientes
2021-09-08,63,8,Entre Ríos
2021-09-08,70,9,Formosa
2021-09-08,64,10,Jujuy
2021-09-08,66,11,La Pampa
2021-09-08,67,12,La Rioja
2021-09-08,62,13,Mendoza
2021-09-08,52,14,Misiones
2021-09-08,68,15,Neuquén
2021-09-08,65,16,Río Negro
2021-09-08,67,22,S del Estero
2021-09-08,56,17,Salta
2021-09-08,63,18,San Juan
2021-09-08,64,19,San Luis
2021-09-08,54,20,Santa Cruz
2021-09-08,67,21,Santa Fe
2021-09-08,64,23,T del Fuego
2021-09-08,60,24,Tucumán
2021-09-09,63,2,Buenos Aires
2021-09-09,73,1,CABA
2021-09-09,71,3,Catamarca
2021-09-09,60,6,Chaco
2021-09-09,58,7,Chubut
2021-09-09,64,4,Córdoba
2021-09-09,65,5,Corrientes
2021-09-09,63,8,Entre Ríos
2021-09-09,70,9,Formosa
2021-09-09,65,10,Jujuy
2021-09-09,66,11,La Pampa
2021-09-09,67,12,La Rioja
2021-09-09,62,13,Mendoza
2021-09-09,52,14,Misiones
2021-09-09,68,15,Neuquén
2021-09-09,65,16,Río Negro
2021-09-09,67,22,S del Estero
2021-09-09,56,17,Salta
2021-09-09,63,18,San Juan
2021-09-09,64,19,San Luis
2021-09-09,55,20,Santa Cruz
2021-09-09,67,21,Santa Fe
2021-09-09,64,23,T del Fuego
2021-09-09,60,24,Tucumán
2021-09-10,63,2,Buenos Aires
2021-09-10,73,1,CABA
2021-09-10,71,3,Catamarca
2021-09-10,60,6,Chaco
2021-09-10,58,7,Chubut
2021-09-10,65,4,Córdoba
2021-09-10,65,5,Corrientes
2021-09-10,63,8,Entre Ríos
2021-09-10,70,9,Formosa
2021-09-10,65,10,Jujuy
2021-09-10,66,11,La Pampa
2021-09-10,67,12,La Rioja
2021-09-10,62,13,Mendoza
2021-09-10,53,14,Misiones
2021-09-10,68,15,Neuquén
2021-09-10,65,16,Río Negro
2021-09-10,68,22,S del Estero
2021-09-10,57,17,Salta
2021-09-10,63,18,San Juan
2021-09-10,64,19,San Luis
2021-09-10,55,20,Santa Cruz
2021-09-10,67,21,Santa Fe
2021-09-10,64,23,T del Fuego
2021-09-10,60,24,Tucumán
2021-09-11,63,2,Buenos Aires
2021-09-11,73,1,CABA
2021-09-11,71,3,Catamarca
2021-09-11,60,6,Chaco
2021-09-11,58,7,Chubut
2021-09-11,65,4,Córdoba
2021-09-11,65,5,Corrientes
2021-09-11,63,8,Entre Ríos
2021-09-11,70,9,Formosa
2021-09-11,65,10,Jujuy
2021-09-11,66,11,La Pampa
2021-09-11,68,12,La Rioja
2021-09-11,62,13,Mendoza
2021-09-11,53,14,Misiones
2021-09-11,68,15,Neuquén
2021-09-11,65,16,Río Negro
2021-09-11,68,22,S del Estero
2021-09-11,57,17,Salta
2021-09-11,63,18,San Juan
2021-09-11,64,19,San Luis
2021-09-11,55,20,Santa Cruz
2021-09-11,67,21,Santa Fe
2021-09-11,64,23,T del Fuego
2021-09-11,60,24,Tucumán
2021-09-12,63,2,Buenos Aires
2021-09-12,73,1,CABA
2021-09-12,71,3,Catamarca
2021-09-12,60,6,Chaco
2021-09-12,58,7,Chubut
2021-09-12,65,4,Córdoba
2021-09-12,65,5,Corrientes
2021-09-12,63,8,Entre Ríos
2021-09-12,70,9,Formosa
2021-09-12,65,10,Jujuy
2021-09-12,66,11,La Pampa
2021-09-12,68,12,La Rioja
2021-09-12,62,13,Mendoza
2021-09-12,53,14,Misiones
2021-09-12,68,15,Neuquén
2021-09-12,65,16,Río Negro
2021-09-12,68,22,S del Estero
2021-09-12,57,17,Salta
2021-09-12,63,18,San Juan
2021-09-12,64,19,San Luis
2021-09-12,55,20,Santa Cruz
2021-09-12,67,21,Santa Fe
2021-09-12,64,23,T del Fuego
2021-09-12,60,24,Tucumán
2021-09-13,63,2,Buenos Aires
2021-09-13,74,1,CABA
2021-09-13,71,3,Catamarca
2021-09-13,60,6,Chaco
2021-09-13,58,7,Chubut
2021-09-13,65,4,Córdoba
2021-09-13,65,5,Corrientes
2021-09-13,63,8,Entre Ríos
2021-09-13,70,9,Formosa
2021-09-13,65,10,Jujuy
2021-09-13,67,11,La Pampa
2021-09-13,68,12,La Rioja
2021-09-13,62,13,Mendoza
2021-09-13,53,14,Misiones
2021-09-13,68,15,Neuquén
2021-09-13,65,16,Río Negro
2021-09-13,68,22,S del Estero
2021-09-13,57,17,Salta
2021-09-13,64,18,San Juan
2021-09-13,64,19,San Luis
2021-09-13,55,20,Santa Cruz
2021-09-13,67,21,Santa Fe
2021-09-13,64,23,T del Fuego
2021-09-13,60,24,Tucumán
2021-09-14,63,2,Buenos Aires
2021-09-14,74,1,CABA
2021-09-14,71,3,Catamarca
2021-09-14,60,6,Chaco
2021-09-14,59,7,Chubut
2021-09-14,65,4,Córdoba
2021-09-14,65,5,Corrientes
2021-09-14,63,8,Entre Ríos
2021-09-14,70,9,Formosa
2021-09-14,65,10,Jujuy
2021-09-14,67,11,La Pampa
2021-09-14,68,12,La Rioja
2021-09-14,62,13,Mendoza
2021-09-14,53,14,Misiones
2021-09-14,68,15,Neuquén
2021-09-14,66,16,Río Negro
2021-09-14,68,22,S del Estero
2021-09-14,57,17,Salta
2021-09-14,64,18,San Juan
2021-09-14,64,19,San Luis
2021-09-14,55,20,Santa Cruz
2021-09-14,67,21,Santa Fe
2021-09-14,64,23,T del Fuego
2021-09-14,60,24,Tucumán
2021-09-15,63,2,Buenos Aires
2021-09-15,74,1,CABA
2021-09-15,71,3,Catamarca
2021-09-15,60,6,Chaco
2021-09-15,59,7,Chubut
2021-09-15,65,4,Córdoba
2021-09-15,65,5,Corrientes
2021-09-15,63,8,Entre Ríos
2021-09-15,70,9,Formosa
2021-09-15,65,10,Jujuy
2021-09-15,67,11,La Pampa
2021-09-15,68,12,La Rioja
2021-09-15,62,13,Mendoza
2021-09-15,53,14,Misiones
2021-09-15,69,15,Neuquén
2021-09-15,66,16,Río Negro
2021-09-15,68,22,S del Estero
2021-09-15,57,17,Salta
2021-09-15,64,18,San Juan
2021-09-15,65,19,San Luis
2021-09-15,55,20,Santa Cruz
2021-09-15,67,21,Santa Fe
2021-09-15,64,23,T del Fuego
2021-09-15,60,24,Tucumán
2021-09-16,64,2,Buenos Aires
2021-09-16,74,1,CABA
2021-09-16,71,3,Catamarca
2021-09-16,60,6,Chaco
2021-09-16,59,7,Chubut
2021-09-16,65,4,Córdoba
2021-09-16,65,5,Corrientes
2021-09-16,63,8,Entre Ríos
2021-09-16,70,9,Formosa
2021-09-16,65,10,Jujuy
2021-09-16,67,11,La Pampa
2021-09-16,68,12,La Rioja
2021-09-16,62,13,Mendoza
2021-09-16,53,14,Misiones
2021-09-16,69,15,Neuquén
2021-09-16,66,16,Río Negro
2021-09-16,68,22,S del Estero
2021-09-16,57,17,Salta
2021-09-16,64,18,San Juan
2021-09-16,65,19,San Luis
2021-09-16,55,20,Santa Cruz
2021-09-16,67,21,Santa Fe
2021-09-16,64,23,T del Fuego
2021-09-16,60,24,Tucumán
2021-09-17,64,2,Buenos Aires
2021-09-17,74,1,CABA
2021-09-17,72,3,Catamarca
2021-09-17,60,6,Chaco
2021-09-17,59,7,Chubut
2021-09-17,65,4,Córdoba
2021-09-17,65,5,Corrientes
2021-09-17,63,8,Entre Ríos
2021-09-17,70,9,Formosa
2021-09-17,65,10,Jujuy
2021-09-17,67,11,La Pampa
2021-09-17,68,12,La Rioja
2021-09-17,62,13,Mendoza
2021-09-17,53,14,Misiones
2021-09-17,69,15,Neuquén
2021-09-17,66,16,Río Negro
2021-09-17,68,22,S del Estero
2021-09-17,57,17,Salta
2021-09-17,64,18,San Juan
2021-09-17,65,19,San Luis
2021-09-17,56,20,Santa Cruz
2021-09-17,67,21,Santa Fe
2021-09-17,65,23,T del Fuego
2021-09-17,60,24,Tucumán
2021-09-18,64,2,Buenos Aires
2021-09-18,74,1,CABA
2021-09-18,72,3,Catamarca
2021-09-18,60,6,Chaco
2021-09-18,59,7,Chubut
2021-09-18,65,4,Córdoba
2021-09-18,65,5,Corrientes
2021-09-18,63,8,Entre Ríos
2021-09-18,71,9,Formosa
2021-09-18,65,10,Jujuy
2021-09-18,67,11,La Pampa
2021-09-18,68,12,La Rioja
2021-09-18,62,13,Mendoza
2021-09-18,53,14,Misiones
2021-09-18,69,15,Neuquén
2021-09-18,66,16,Río Negro
2021-09-18,68,22,S del Estero
2021-09-18,57,17,Salta
2021-09-18,64,18,San Juan
2021-09-18,65,19,San Luis
2021-09-18,56,20,Santa Cruz
2021-09-18,67,21,Santa Fe
2021-09-18,65,23,T del Fuego
2021-09-18,60,24,Tucumán
2021-09-19,64,2,Buenos Aires
2021-09-19,74,1,CABA
2021-09-19,72,3,Catamarca
2021-09-19,60,6,Chaco
2021-09-19,59,7,Chubut
2021-09-19,65,4,Córdoba
2021-09-19,65,5,Corrientes
2021-09-19,63,8,Entre Ríos
2021-09-19,71,9,Formosa
2021-09-19,65,10,Jujuy
2021-09-19,67,11,La Pampa
2021-09-19,68,12,La Rioja
2021-09-19,62,13,Mendoza
2021-09-19,53,14,Misiones
2021-09-19,69,15,Neuquén
2021-09-19,66,16,Río Negro
2021-09-19,68,22,S del Estero
2021-09-19,57,17,Salta
2021-09-19,64,18,San Juan
2021-09-19,65,19,San Luis
2021-09-19,56,20,Santa Cruz
2021-09-19,67,21,Santa Fe
2021-09-19,65,23,T del Fuego
2021-09-19,60,24,Tucumán
2021-09-20,64,2,Buenos Aires
2021-09-20,75,1,CABA
2021-09-20,72,3,Catamarca
2021-09-20,60,6,Chaco
2021-09-20,59,7,Chubut
2021-09-20,66,4,Córdoba
2021-09-20,65,5,Corrientes
2021-09-20,64,8,Entre Ríos
2021-09-20,71,9,Formosa
2021-09-20,65,10,Jujuy
2021-09-20,67,11,La Pampa
2021-09-20,68,12,La Rioja
2021-09-20,62,13,Mendoza
2021-09-20,53,14,Misiones
2021-09-20,69,15,Neuquén
2021-09-20,66,16,Río Negro
2021-09-20,68,22,S del Estero
2021-09-20,57,17,Salta
2021-09-20,64,18,San Juan
2021-09-20,65,19,San Luis
2021-09-20,56,20,Santa Cruz
2021-09-20,67,21,Santa Fe
2021-09-20,65,23,T del Fuego
2021-09-20,61,24,Tucumán
2021-09-21,64,2,Buenos Aires
2021-09-21,75,1,CABA
2021-09-21,72,3,Catamarca
2021-09-21,60,6,Chaco
2021-09-21,59,7,Chubut
2021-09-21,66,4,Córdoba
2021-09-21,65,5,Corrientes
2021-09-21,64,8,Entre Ríos
2021-09-21,71,9,Formosa
2021-09-21,66,10,Jujuy
2021-09-21,67,11,La Pampa
2021-09-21,68,12,La Rioja
2021-09-21,62,13,Mendoza
2021-09-21,53,14,Misiones
2021-09-21,69,15,Neuquén
2021-09-21,66,16,Río Negro
2021-09-21,68,22,S del Estero
2021-09-21,57,17,Salta
2021-09-21,64,18,San Juan
2021-09-21,66,19,San Luis
2021-09-21,56,20,Santa Cruz
2021-09-21,67,21,Santa Fe
2021-09-21,65,23,T del Fuego
2021-09-21,61,24,Tucumán
2021-09-22,64,2,Buenos Aires
2021-09-22,75,1,CABA
2021-09-22,72,3,Catamarca
2021-09-22,61,6,Chaco
2021-09-22,59,7,Chubut
2021-09-22,66,4,Córdoba
2021-09-22,66,5,Corrientes
2021-09-22,64,8,Entre Ríos
2021-09-22,71,9,Formosa
2021-09-22,66,10,Jujuy
2021-09-22,68,11,La Pampa
2021-09-22,68,12,La Rioja
2021-09-22,62,13,Mendoza
2021-09-22,54,14,Misiones
2021-09-22,69,15,Neuquén
2021-09-22,66,16,Río Negro
2021-09-22,68,22,S del Estero
2021-09-22,58,17,Salta
2021-09-22,64,18,San Juan
2021-09-22,66,19,San Luis
2021-09-22,56,20,Santa Cruz
2021-09-22,67,21,Santa Fe
2021-09-22,65,23,T del Fuego
2021-09-22,61,24,Tucumán
2021-09-23,65,2,Buenos Aires
2021-09-23,75,1,CABA
2021-09-23,72,3,Catamarca
2021-09-23,61,6,Chaco
2021-09-23,59,7,Chubut
2021-09-23,66,4,Córdoba
2021-09-23,66,5,Corrientes
2021-09-23,64,8,Entre Ríos
2021-09-23,71,9,Formosa
2021-09-23,66,10,Jujuy
2021-09-23,68,11,La Pampa
2021-09-23,68,12,La Rioja
2021-09-23,63,13,Mendoza
2021-09-23,54,14,Misiones
2021-09-23,70,15,Neuquén
2021-09-23,67,16,Río Negro
2021-09-23,69,22,S del Estero
2021-09-23,58,17,Salta
2021-09-23,65,18,San Juan
2021-09-23,67,19,San Luis
2021-09-23,56,20,Santa Cruz
2021-09-23,68,21,Santa Fe
2021-09-23,65,23,T del Fuego
2021-09-23,61,24,Tucumán
2021-09-24,65,2,Buenos Aires
2021-09-24,76,1,CABA
2021-09-24,72,3,Catamarca
2021-09-24,61,6,Chaco
2021-09-24,60,7,Chubut
2021-09-24,66,4,Córdoba
2021-09-24,66,5,Corrientes
2021-09-24,64,8,Entre Ríos
2021-09-24,71,9,Formosa
2021-09-24,66,10,Jujuy
2021-09-24,69,11,La Pampa
2021-09-24,68,12,La Rioja
2021-09-24,63,13,Mendoza
2021-09-24,54,14,Misiones
2021-09-24,70,15,Neuquén
2021-09-24,67,16,Río Negro
2021-09-24,69,22,S del Estero
2021-09-24,58,17,Salta
2021-09-24,65,18,San Juan
2021-09-24,67,19,San Luis
2021-09-24,57,20,Santa Cruz
2021-09-24,68,21,Santa Fe
2021-09-24,66,23,T del Fuego
2021-09-24,61,24,Tucumán
2021-09-25,65,2,Buenos Aires
2021-09-25,76,1,CABA
2021-09-25,72,3,Catamarca
2021-09-25,61,6,Chaco
2021-09-25,60,7,Chubut
2021-09-25,66,4,Córdoba
2021-09-25,66,5,Corrientes
2021-09-25,64,8,Entre Ríos
2021-09-25,71,9,Formosa
2021-09-25,66,10,Jujuy
2021-09-25,69,11,La Pampa
2021-09-25,68,12,La Rioja
2021-09-25,63,13,Mendoza
2021-09-25,54,14,Misiones
2021-09-25,70,15,Neuquén
2021-09-25,67,16,Río Negro
2021-09-25,69,22,S del Estero
2021-09-25,58,17,Salta
2021-09-25,65,18,San Juan
2021-09-25,67,19,San Luis
2021-09-25,57,20,Santa Cruz
2021-09-25,68,21,Santa Fe
2021-09-25,66,23,T del Fuego
2021-09-25,61,24,Tucumán
2021-09-26,65,2,Buenos Aires
2021-09-26,76,1,CABA
2021-09-26,72,3,Catamarca
2021-09-26,61,6,Chaco
2021-09-26,60,7,Chubut
2021-09-26,66,4,Córdoba
2021-09-26,66,5,Corrientes
2021-09-26,64,8,Entre Ríos
2021-09-26,71,9,Formosa
2021-09-26,66,10,Jujuy
2021-09-26,69,11,La Pampa
2021-09-26,68,12,La Rioja
2021-09-26,63,13,Mendoza
2021-09-26,54,14,Misiones
2021-09-26,70,15,Neuquén
2021-09-26,67,16,Río Negro
2021-09-26,69,22,S del Estero
2021-09-26,58,17,Salta
2021-09-26,65,18,San Juan
2021-09-26,67,19,San Luis
2021-09-26,57,20,Santa Cruz
2021-09-26,68,21,Santa Fe
2021-09-26,66,23,T del Fuego
2021-09-26,61,24,Tucumán
2021-09-27,65,2,Buenos Aires
2021-09-27,76,1,CABA
2021-09-27,72,3,Catamarca
2021-09-27,61,6,Chaco
2021-09-27,60,7,Chubut
2021-09-27,66,4,Córdoba
2021-09-27,66,5,Corrientes
2021-09-27,64,8,Entre Ríos
2021-09-27,71,9,Formosa
2021-09-27,66,10,Jujuy
2021-09-27,69,11,La Pampa
2021-09-27,68,12,La Rioja
2021-09-27,63,13,Mendoza
2021-09-27,54,14,Misiones
2021-09-27,70,15,Neuquén
2021-09-27,67,16,Río Negro
2021-09-27,69,22,S del Estero
2021-09-27,58,17,Salta
2021-09-27,65,18,San Juan
2021-09-27,67,19,San Luis
2021-09-27,57,20,Santa Cruz
2021-09-27,68,21,Santa Fe
2021-09-27,66,23,T del Fuego
2021-09-27,61,24,Tucumán
2021-10-30,76,2,Buenos Aires
2021-10-30,86,1,CABA
2021-10-30,82,3,Catamarca
2021-10-30,69,6,Chaco
2021-10-30,68,7,Chubut
2021-10-30,80,4,Córdoba
2021-10-30,79,5,Corrientes
2021-10-30,74,8,Entre Ríos
2021-10-30,81,9,Formosa
2021-10-30,75,10,Jujuy
2021-10-30,84,11,La Pampa
2021-10-30,83,12,La Rioja
2021-10-30,70,13,Mendoza
2021-10-30,62,14,Misiones
2021-10-30,84,15,Neuquén
2021-10-30,80,16,Río Negro
2021-10-30,87,22,S del Estero
2021-10-30,69,17,Salta
2021-10-30,75,18,San Juan
2021-10-30,82,19,San Luis
2021-10-30,69,20,Santa Cruz
2021-10-30,79,21,Santa Fe
2021-10-30,79,23,T del Fuego
2021-10-30,73,24,Tucumán
2021-10-31,76,2,Buenos Aires
2021-10-31,87,1,CABA
2021-10-31,82,3,Catamarca
2021-10-31,69,6,Chaco
2021-10-31,68,7,Chubut
2021-10-31,80,4,Córdoba
2021-10-31,79,5,Corrientes
2021-10-31,74,8,Entre Ríos
2021-10-31,82,9,Formosa
2021-10-31,75,10,Jujuy
2021-10-31,85,11,La Pampa
2021-10-31,83,12,La Rioja
2021-10-31,71,13,Mendoza
2021-10-31,62,14,Misiones
2021-10-31,84,15,Neuquén
2021-10-31,80,16,Río Negro
2021-10-31,87,22,S del Estero
2021-10-31,69,17,Salta
2021-10-31,75,18,San Juan
2021-10-31,82,19,San Luis
2021-10-31,70,20,Santa Cruz
2021-10-31,79,21,Santa Fe
2021-10-31,79,23,T del Fuego
2021-10-31,74,24,Tucumán
2021-11-01,77,2,Buenos Aires
2021-11-01,87,1,CABA
2021-11-01,82,3,Catamarca
2021-11-01,69,6,Chaco
2021-11-01,68,7,Chubut
2021-11-01,80,4,Córdoba
2021-11-01,80,5,Corrientes
2021-11-01,75,8,Entre Ríos
2021-11-01,82,9,Formosa
2021-11-01,75,10,Jujuy
2021-11-01,85,11,La Pampa
2021-11-01,83,12,La Rioja
2021-11-01,71,13,Mendoza
2021-11-01,63,14,Misiones
2021-11-01,84,15,Neuquén
2021-11-01,80,16,Río Negro
2021-11-01,87,22,S del Estero
2021-11-01,69,17,Salta
2021-11-01,75,18,San Juan
2021-11-01,82,19,San Luis
2021-11-01,70,20,Santa Cruz
2021-11-01,79,21,Santa Fe
2021-11-01,79,23,T del Fuego
2021-11-01,74,24,Tucumán
2021-11-02,77,2,Buenos Aires
2021-11-02,87,1,CABA
2021-11-02,82,3,Catamarca
2021-11-02,69,6,Chaco
2021-11-02,68,7,Chubut
2021-11-02,80,4,Córdoba
2021-11-02,80,5,Corrientes
2021-11-02,75,8,Entre Ríos
2021-11-02,82,9,Formosa
2021-11-02,75,10,Jujuy
2021-11-02,85,11,La Pampa
2021-11-02,84,12,La Rioja
2021-11-02,72,13,Mendoza
2021-11-02,63,14,Misiones
2021-11-02,85,15,Neuquén
2021-11-02,81,16,Río Negro
2021-11-02,87,22,S del Estero
2021-11-02,70,17,Salta
2021-11-02,76,18,San Juan
2021-11-02,82,19,San Luis
2021-11-02,70,20,Santa Cruz
2021-11-02,80,21,Santa Fe
2021-11-02,80,23,T del Fuego
2021-11-02,74,24,Tucumán
2021-11-03,77,2,Buenos Aires
2021-11-03,87,1,CABA
2021-11-03,83,3,Catamarca
2021-11-03,69,6,Chaco
2021-11-03,68,7,Chubut
2021-11-03,81,4,Córdoba
2021-11-03,80,5,Corrientes
2021-11-03,76,8,Entre Ríos
2021-11-03,82,9,Formosa
2021-11-03,76,10,Jujuy
2021-11-03,85,11,La Pampa
2021-11-03,84,12,La Rioja
2021-11-03,72,13,Mendoza
2021-11-03,63,14,Misiones
2021-11-03,85,15,Neuquén
2021-11-03,81,16,Río Negro
2021-11-03,87,22,S del Estero
2021-11-03,70,17,Salta
2021-11-03,76,18,San Juan
2021-11-03,82,19,San Luis
2021-11-03,71,20,Santa Cruz
2021-11-03,81,21,Santa Fe
2021-11-03,81,23,T del Fuego
2021-11-03,75,24,Tucumán
2021-11-04,77,2,Buenos Aires
2021-11-04,87,1,CABA
2021-11-04,83,3,Catamarca
2021-11-04,69,6,Chaco
2021-11-04,69,7,Chubut
2021-11-04,81,4,Córdoba
2021-11-04,80,5,Corrientes
2021-11-04,77,8,Entre Ríos
2021-11-04,82,9,Formosa
2021-11-04,76,10,Jujuy
2021-11-04,85,11,La Pampa
2021-11-04,84,12,La Rioja
2021-11-04,73,13,Mendoza
2021-11-04,63,14,Misiones
2021-11-04,85,15,Neuquén
2021-11-04,81,16,Río Negro
2021-11-04,88,22,S del Estero
2021-11-04,70,17,Salta
2021-11-04,77,18,San Juan
2021-11-04,83,19,San Luis
2021-11-04,71,20,Santa Cruz
2021-11-04,81,21,Santa Fe
2021-11-04,82,23,T del Fuego
2021-11-04,75,24,Tucumán
2021-11-05,78,2,Buenos Aires
2021-11-05,87,1,CABA
2021-11-05,83,3,Catamarca
2021-11-05,69,6,Chaco
2021-11-05,69,7,Chubut
2021-11-05,81,4,Córdoba
2021-11-05,81,5,Corrientes
2021-11-05,77,8,Entre Ríos
2021-11-05,82,9,Formosa
2021-11-05,76,10,Jujuy
2021-11-05,85,11,La Pampa
2021-11-05,84,12,La Rioja
2021-11-05,73,13,Mendoza
2021-11-05,63,14,Misiones
2021-11-05,85,15,Neuquén
2021-11-05,82,16,Río Negro
2021-11-05,88,22,S del Estero
2021-11-05,71,17,Salta
2021-11-05,78,18,San Juan
2021-11-05,83,19,San Luis
2021-11-05,71,20,Santa Cruz
2021-11-05,82,21,Santa Fe
2021-11-05,82,23,T del Fuego
2021-11-05,76,24,Tucumán
2021-11-06,78,2,Buenos Aires
2021-11-06,87,1,CABA
2021-11-06,84,3,Catamarca
2021-11-06,69,6,Chaco
2021-11-06,69,7,Chubut
2021-11-06,81,4,Córdoba
2021-11-06,81,5,Corrientes
2021-11-06,77,8,Entre Ríos
2021-11-06,83,9,Formosa
2021-11-06,77,10,Jujuy
2021-11-06,85,11,La Pampa
2021-11-06,84,12,La Rioja
2021-11-06,73,13,Mendoza
2021-11-06,63,14,Misiones
2021-11-06,86,15,Neuquén
2021-11-06,82,16,Río Negro
2021-11-06,88,22,S del Estero
2021-11-06,71,17,Salta
2021-11-06,78,18,San Juan
2021-11-06,83,19,San Luis
2021-11-06,72,20,Santa Cruz
2021-11-06,82,21,Santa Fe
2021-11-06,82,23,T del Fuego
2021-11-06,76,24,Tucumán
2021-11-07,78,2,Buenos Aires
2021-11-07,87,1,CABA
2021-11-07,84,3,Catamarca
2021-11-07,69,6,Chaco
2021-11-07,69,7,Chubut
2021-11-07,81,4,Córdoba
2021-11-07,81,5,Corrientes
2021-11-07,77,8,Entre Ríos
2021-11-07,83,9,Formosa
2021-11-07,77,10,Jujuy
2021-11-07,85,11,La Pampa
2021-11-07,84,12,La Rioja
2021-11-07,74,13,Mendoza
2021-11-07,63,14,Misiones
2021-11-07,86,15,Neuquén
2021-11-07,82,16,Río Negro
2021-11-07,88,22,S del Estero
2021-11-07,71,17,Salta
2021-11-07,78,18,San Juan
2021-11-07,83,19,San Luis
2021-11-07,72,20,Santa Cruz
2021-11-07,82,21,Santa Fe
2021-11-07,82,23,T del Fuego
2021-11-07,76,24,Tucumán
2021-11-08,78,2,Buenos Aires
2021-11-08,88,1,CABA
2021-11-08,84,3,Catamarca
2021-11-08,70,6,Chaco
2021-11-08,69,7,Chubut
2021-11-08,81,4,Córdoba
2021-11-08,81,5,Corrientes
2021-11-08,78,8,Entre Ríos
2021-11-08,83,9,Formosa
2021-11-08,77,10,Jujuy
2021-11-08,85,11,La Pampa
2021-11-08,85,12,La Rioja
2021-11-08,74,13,Mendoza
2021-11-08,64,14,Misiones
2021-11-08,86,15,Neuquén
2021-11-08,82,16,Río Negro
2021-11-08,89,22,S del Estero
2021-11-08,71,17,Salta
2021-11-08,78,18,San Juan
2021-11-08,83,19,San Luis
2021-11-08,73,20,Santa Cruz
2021-11-08,82,21,Santa Fe
2021-11-08,82,23,T del Fuego
2021-11-08,76,24,Tucumán
2021-11-09,79,2,Buenos Aires
2021-11-09,88,1,CABA
2021-11-09,85,3,Catamarca
2021-11-09,70,6,Chaco
2021-11-09,70,7,Chubut
2021-11-09,82,4,Córdoba
2021-11-09,81,5,Corrientes
2021-11-09,78,8,Entre Ríos
2021-11-09,84,9,Formosa
2021-11-09,77,10,Jujuy
2021-11-09,86,11,La Pampa
2021-11-09,85,12,La Rioja
2021-11-09,74,13,Mendoza
2021-11-09,64,14,Misiones
2021-11-09,86,15,Neuquén
2021-11-09,82,16,Río Negro
2021-11-09,89,22,S del Estero
2021-11-09,71,17,Salta
2021-11-09,79,18,San Juan
2021-11-09,83,19,San Luis
2021-11-09,73,20,Santa Cruz
2021-11-09,82,21,Santa Fe
2021-11-09,83,23,T del Fuego
2021-11-09,76,24,Tucumán
2021-11-10,79,2,Buenos Aires
2021-11-10,88,1,CABA
2021-11-10,86,3,Catamarca
2021-11-10,70,6,Chaco
2021-11-10,70,7,Chubut
2021-11-10,82,4,Córdoba
2021-11-10,82,5,Corrientes
2021-11-10,79,8,Entre Ríos
2021-11-10,84,9,Formosa
2021-11-10,77,10,Jujuy
2021-11-10,86,11,La Pampa
2021-11-10,85,12,La Rioja
2021-11-10,74,13,Mendoza
2021-11-10,64,14,Misiones
2021-11-10,86,15,Neuquén
2021-11-10,82,16,Río Negro
2021-11-10,89,22,S del Estero
2021-11-10,71,17,Salta
2021-11-10,79,18,San Juan
2021-11-10,83,19,San Luis
2021-11-10,73,20,Santa Cruz
2021-11-10,83,21,Santa Fe
2021-11-10,83,23,T del Fuego
2021-11-10,76,24,Tucumán
2021-11-11,79,2,Buenos Aires
2021-11-11,88,1,CABA
2021-11-11,88,3,Catamarca
2021-11-11,70,6,Chaco
2021-11-11,70,7,Chubut
2021-11-11,82,4,Córdoba
2021-11-11,82,5,Corrientes
2021-11-11,79,8,Entre Ríos
2021-11-11,84,9,Formosa
2021-11-11,77,10,Jujuy
2021-11-11,86,11,La Pampa
2021-11-11,85,12,La Rioja
2021-11-11,75,13,Mendoza
2021-11-11,64,14,Misiones
2021-11-11,86,15,Neuquén
2021-11-11,83,16,Río Negro
2021-11-11,90,22,S del Estero
2021-11-11,72,17,Salta
2021-11-11,79,18,San Juan
2021-11-11,83,19,San Luis
2021-11-11,73,20,Santa Cruz
2021-11-11,83,21,Santa Fe
2021-11-11,83,23,T del Fuego
2021-11-11,77,24,Tucumán
2021-11-12,79,2,Buenos Aires
2021-11-12,88,1,CABA
2021-11-12,89,3,Catamarca
2021-11-12,70,6,Chaco
2021-11-12,71,7,Chubut
2021-11-12,82,4,Córdoba
2021-11-12,82,5,Corrientes
2021-11-12,79,8,Entre Ríos
2021-11-12,84,9,Formosa
2021-11-12,78,10,Jujuy
2021-11-12,86,11,La Pampa
2021-11-12,85,12,La Rioja
2021-11-12,75,13,Mendoza
2021-11-12,64,14,Misiones
2021-11-12,87,15,Neuquén
2021-11-12,83,16,Río Negro
2021-11-12,90,22,S del Estero
2021-11-12,72,17,Salta
2021-11-12,80,18,San Juan
2021-11-12,84,19,San Luis
2021-11-12,73,20,Santa Cruz
2021-11-12,83,21,Santa Fe
2021-11-12,84,23,T del Fuego
2021-11-12,77,24,Tucumán
2021-11-13,79,2,Buenos Aires
2021-11-13,88,1,CABA
2021-11-13,89,3,Catamarca
2021-11-13,70,6,Chaco
2021-11-13,71,7,Chubut
2021-11-13,82,4,Córdoba
2021-11-13,82,5,Corrientes
2021-11-13,80,8,Entre Ríos
2021-11-13,84,9,Formosa
2021-11-13,78,10,Jujuy
2021-11-13,86,11,La Pampa
2021-11-13,85,12,La Rioja
2021-11-13,75,13,Mendoza
2021-11-13,64,14,Misiones
2021-11-13,87,15,Neuquén
2021-11-13,83,16,Río Negro
2021-11-13,90,22,S del Estero
2021-11-13,72,17,Salta
2021-11-13,80,18,San Juan
2021-11-13,84,19,San Luis
2021-11-13,74,20,Santa Cruz
2021-11-13,83,21,Santa Fe
2021-11-13,84,23,T del Fuego
2021-11-13,77,24,Tucumán
2021-11-14,79,2,Buenos Aires
2021-11-14,88,1,CABA
2021-11-14,89,3,Catamarca
2021-11-14,70,6,Chaco
2021-11-14,71,7,Chubut
2021-11-14,82,4,Córdoba
2021-11-14,82,5,Corrientes
2021-11-14,80,8,Entre Ríos
2021-11-14,84,9,Formosa
2021-11-14,78,10,Jujuy
2021-11-14,86,11,La Pampa
2021-11-14,85,12,La Rioja
2021-11-14,75,13,Mendoza
2021-11-14,64,14,Misiones
2021-11-14,87,15,Neuquén
2021-11-14,83,16,Río Negro
2021-11-14,90,22,S del Estero
2021-11-14,72,17,Salta
2021-11-14,80,18,San Juan
2021-11-14,84,19,San Luis
2021-11-14,74,20,Santa Cruz
2021-11-14,83,21,Santa Fe
2021-11-14,84,23,T del Fuego
2021-11-14,77,24,Tucumán
2021-11-15,79,2,Buenos Aires
2021-11-15,88,1,CABA
2021-11-15,90,3,Catamarca
2021-11-15,71,6,Chaco
2021-11-15,71,7,Chubut
2021-11-15,82,4,Córdoba
2021-11-15,82,5,Corrientes
2021-11-15,80,8,Entre Ríos
2021-11-15,84,9,Formosa
2021-11-15,78,10,Jujuy
2021-11-15,86,11,La Pampa
2021-11-15,85,12,La Rioja
2021-11-15,75,13,Mendoza
2021-11-15,64,14,Misiones
2021-11-15,87,15,Neuquén
2021-11-15,83,16,Río Negro
2021-11-15,90,22,S del Estero
2021-11-15,72,17,Salta
2021-11-15,80,18,San Juan
2021-11-15,84,19,San Luis
2021-11-15,74,20,Santa Cruz
2021-11-15,84,21,Santa Fe
2021-11-15,84,23,T del Fuego
2021-11-15,77,24,Tucumán
2021-11-16,79,2,Buenos Aires
2021-11-16,88,1,CABA
2021-11-16,90,3,Catamarca
2021-11-16,71,6,Chaco
2021-11-16,71,7,Chubut
2021-11-16,83,4,Córdoba
2021-11-16,83,5,Corrientes
2021-11-16,80,8,Entre Ríos
2021-11-16,84,9,Formosa
2021-11-16,78,10,Jujuy
2021-11-16,86,11,La Pampa
2021-11-16,85,12,La Rioja
2021-11-16,76,13,Mendoza
2021-11-16,64,14,Misiones
2021-11-16,87,15,Neuquén
2021-11-16,83,16,Río Negro
2021-11-16,90,22,S del Estero
2021-11-16,72,17,Salta
2021-11-16,80,18,San Juan
2021-11-16,84,19,San Luis
2021-11-16,74,20,Santa Cruz
2021-11-16,84,21,Santa Fe
2021-11-16,84,23,T del Fuego
2021-11-16,77,24,Tucumán
2021-11-17,79,2,Buenos Aires
2021-11-17,88,1,CABA
2021-11-17,91,3,Catamarca
2021-11-17,71,6,Chaco
2021-11-17,71,7,Chubut
2021-11-17,83,4,Córdoba
2021-11-17,83,5,Corrientes
2021-11-17,80,8,Entre Ríos
2021-11-17,84,9,Formosa
2021-11-17,78,10,Jujuy
2021-11-17,86,11,La Pampa
2021-11-17,86,12,La Rioja
2021-11-17,76,13,Mendoza
2021-11-17,65,14,Misiones
2021-11-17,87,15,Neuquén
2021-11-17,83,16,Río Negro
2021-11-17,91,22,S del Estero
2021-11-17,72,17,Salta
2021-11-17,80,18,San Juan
2021-11-17,84,19,San Luis
2021-11-17,74,20,Santa Cruz
2021-11-17,84,21,Santa Fe
2021-11-17,84,23,T del Fuego
2021-11-17,78,24,Tucumán
2021-11-18,80,2,Buenos Aires
2021-11-18,89,1,CABA
2021-11-18,92,3,Catamarca
2021-11-18,71,6,Chaco
2021-11-18,71,7,Chubut
2021-11-18,83,4,Córdoba
2021-11-18,83,5,Corrientes
2021-11-18,81,8,Entre Ríos
2021-11-18,84,9,Formosa
2021-11-18,78,10,Jujuy
2021-11-18,86,11,La Pampa
2021-11-18,86,12,La Rioja
2021-11-18,76,13,Mendoza
2021-11-18,65,14,Misiones
2021-11-18,87,15,Neuquén
2021-11-18,83,16,Río Negro
2021-11-18,91,22,S del Estero
2021-11-18,73,17,Salta
2021-11-18,81,18,San Juan
2021-11-18,84,19,San Luis
2021-11-18,74,20,Santa Cruz
2021-11-18,84,21,Santa Fe
2021-11-18,84,23,T del Fuego
2021-11-18,78,24,Tucumán
2021-11-19,80,2,Buenos Aires
2021-11-19,89,1,CABA
2021-11-19,92,3,Catamarca
2021-11-19,71,6,Chaco
2021-11-19,72,7,Chubut
2021-11-19,83,4,Córdoba
2021-11-19,83,5,Corrientes
2021-11-19,81,8,Entre Ríos
2021-11-19,84,9,Formosa
2021-11-19,78,10,Jujuy
2021-11-19,86,11,La Pampa
2021-11-19,86,12,La Rioja
2021-11-19,77,13,Mendoza
2021-11-19,65,14,Misiones
2021-11-19,87,15,Neuquén
2021-11-19,83,16,Río Negro
2021-11-19,91,22,S del Estero
2021-11-19,73,17,Salta
2021-11-19,81,18,San Juan
2021-11-19,84,19,San Luis
2021-11-19,74,20,Santa Cruz
2021-11-19,84,21,Santa Fe
2021-11-19,84,23,T del Fuego
2021-11-19,78,24,Tucumán
2021-11-20,80,2,Buenos Aires
2021-11-20,89,1,CABA
2021-11-20,92,3,Catamarca
2021-11-20,71,6,Chaco
2021-11-20,72,7,Chubut
2021-11-20,83,4,Córdoba
2021-11-20,83,5,Corrientes
2021-11-20,81,8,Entre Ríos
2021-11-20,84,9,Formosa
2021-11-20,78,10,Jujuy
2021-11-20,86,11,La Pampa
2021-11-20,86,12,La Rioja
2021-11-20,77,13,Mendoza
2021-11-20,65,14,Misiones
2021-11-20,88,15,Neuquén
2021-11-20,83,16,Río Negro
2021-11-20,91,22,S del Estero
2021-11-20,73,17,Salta
2021-11-20,81,18,San Juan
2021-11-20,84,19,San Luis
2021-11-20,74,20,Santa Cruz
2021-11-20,84,21,Santa Fe
2021-11-20,84,23,T del Fuego
2021-11-20,78,24,Tucumán
2021-11-21,80,2,Buenos Aires
2021-11-21,89,1,CABA
2021-11-21,92,3,Catamarca
2021-11-21,71,6,Chaco
2021-11-21,72,7,Chubut
2021-11-21,83,4,Córdoba
2021-11-21,83,5,Corrientes
2021-11-21,81,8,Entre Ríos
2021-11-21,84,9,Formosa
2021-11-21,78,10,Jujuy
2021-11-21,86,11,La Pampa
2021-11-21,86,12,La Rioja
2021-11-21,77,13,Mendoza
2021-11-21,65,14,Misiones
2021-11-21,88,15,Neuquén
2021-11-21,83,16,Río Negro
2021-11-21,91,22,S del Estero
2021-11-21,73,17,Salta
2021-11-21,81,18,San Juan
2021-11-21,84,19,San Luis
2021-11-21,74,20,Santa Cruz
2021-11-21,84,21,Santa Fe
2021-11-21,84,23,T del Fuego
2021-11-21,78,24,Tucumán
2021-11-22,80,2,Buenos Aires
2021-11-22,89,1,CABA
2021-11-22,92,3,Catamarca
2021-11-22,71,6,Chaco
2021-11-22,72,7,Chubut
2021-11-22,83,4,Córdoba
2021-11-22,83,5,Corrientes
2021-11-22,81,8,Entre Ríos
2021-11-22,85,9,Formosa
2021-11-22,79,10,Jujuy
2021-11-22,87,11,La Pampa
2021-11-22,86,12,La Rioja
2021-11-22,77,13,Mendoza
2021-11-22,65,14,Misiones
2021-11-22,88,15,Neuquén
2021-11-22,83,16,Río Negro
2021-11-22,91,22,S del Estero
2021-11-22,73,17,Salta
2021-11-22,81,18,San Juan
2021-11-22,84,19,San Luis
2021-11-22,74,20,Santa Cruz
2021-11-22,84,21,Santa Fe
2021-11-22,84,23,T del Fuego
2021-11-22,78,24,Tucumán
2021-11-23,80,2,Buenos Aires
2021-11-23,89,1,CABA
2021-11-23,93,3,Catamarca
2021-11-23,71,6,Chaco
2021-11-23,72,7,Chubut
2021-11-23,83,4,Córdoba
2021-11-23,83,5,Corrientes
2021-11-23,81,8,Entre Ríos
2021-11-23,85,9,Formosa
2021-11-23,79,10,Jujuy
2021-11-23,87,11,La Pampa
2021-11-23,86,12,La Rioja
2021-11-23,77,13,Mendoza
2021-11-23,65,14,Misiones
2021-11-23,88,15,Neuquén
2021-11-23,84,16,Río Negro
2021-11-23,91,22,S del Estero
2021-11-23,73,17,Salta
2021-11-23,81,18,San Juan
2021-11-23,84,19,San Luis
2021-11-23,75,20,Santa Cruz
2021-11-23,85,21,Santa Fe
2021-11-23,84,23,T del Fuego
2021-11-23,78,24,Tucumán
2021-11-24,80,2,Buenos Aires
2021-11-24,89,1,CABA
2021-11-24,93,3,Catamarca
2021-11-24,72,6,Chaco
2021-11-24,72,7,Chubut
2021-11-24,83,4,Córdoba
2021-11-24,84,5,Corrientes
2021-11-24,81,8,Entre Ríos
2021-11-24,85,9,Formosa
2021-11-24,79,10,Jujuy
2021-11-24,87,11,La Pampa
2021-11-24,86,12,La Rioja
2021-11-24,77,13,Mendoza
2021-11-24,65,14,Misiones
2021-11-24,88,15,Neuquén
2021-11-24,84,16,Río Negro
2021-11-24,91,22,S del Estero
2021-11-24,73,17,Salta
2021-11-24,81,18,San Juan
2021-11-24,84,19,San Luis
2021-11-24,75,20,Santa Cruz
2021-11-24,85,21,Santa Fe
2021-11-24,85,23,T del Fuego
2021-11-24,78,24,Tucumán
2021-11-25,80,2,Buenos Aires
2021-11-25,89,1,CABA
2021-11-25,93,3,Catamarca
2021-11-25,72,6,Chaco
2021-11-25,72,7,Chubut
2021-11-25,83,4,Córdoba
2021-11-25,84,5,Corrientes
2021-11-25,81,8,Entre Ríos
2021-11-25,85,9,Formosa
2021-11-25,79,10,Jujuy
2021-11-25,87,11,La Pampa
2021-11-25,86,12,La Rioja
2021-11-25,77,13,Mendoza
2021-11-25,65,14,Misiones
2021-11-25,88,15,Neuquén
2021-11-25,84,16,Río Negro
2021-11-25,92,22,S del Estero
2021-11-25,73,17,Salta
2021-11-25,81,18,San Juan
2021-11-25,84,19,San Luis
2021-11-25,75,20,Santa Cruz
2021-11-25,85,21,Santa Fe
2021-11-25,85,23,T del Fuego
2021-11-25,78,24,Tucumán
2021-11-26,80,2,Buenos Aires
2021-11-26,89,1,CABA
2021-11-26,93,3,Catamarca
2021-11-26,72,6,Chaco
2021-11-26,72,7,Chubut
2021-11-26,83,4,Córdoba
2021-11-26,84,5,Corrientes
2021-11-26,82,8,Entre Ríos
2021-11-26,86,9,Formosa
2021-11-26,79,10,Jujuy
2021-11-26,87,11,La Pampa
2021-11-26,86,12,La Rioja
2021-11-26,78,13,Mendoza
2021-11-26,65,14,Misiones
2021-11-26,88,15,Neuquén
2021-11-26,84,16,Río Negro
2021-11-26,92,22,S del Estero
2021-11-26,74,17,Salta
2021-11-26,81,18,San Juan
2021-11-26,85,19,San Luis
2021-11-26,75,20,Santa Cruz
2021-11-26,85,21,Santa Fe
2021-11-26,85,23,T del Fuego
2021-11-26,79,24,Tucumán
2021-11-27,81,2,Buenos Aires
2021-11-27,89,1,CABA
2021-11-27,93,3,Catamarca
2021-11-27,72,6,Chaco
2021-11-27,72,7,Chubut
2021-11-27,83,4,Córdoba
2021-11-27,84,5,Corrientes
2021-11-27,82,8,Entre Ríos
2021-11-27,86,9,Formosa
2021-11-27,79,10,Jujuy
2021-11-27,87,11,La Pampa
2021-11-27,86,12,La Rioja
2021-11-27,78,13,Mendoza
2021-11-27,65,14,Misiones
2021-11-27,88,15,Neuquén
2021-11-27,84,16,Río Negro
2021-11-27,92,22,S del Estero
2021-11-27,74,17,Salta
2021-11-27,81,18,San Juan
2021-11-27,85,19,San Luis
2021-11-27,75,20,Santa Cruz
2021-11-27,85,21,Santa Fe
2021-11-27,85,23,T del Fuego
2021-11-27,79,24,Tucumán
2021-11-28,81,2,Buenos Aires
2021-11-28,90,1,CABA
2021-11-28,93,3,Catamarca
2021-11-28,72,6,Chaco
2021-11-28,72,7,Chubut
2021-11-28,83,4,Córdoba
2021-11-28,84,5,Corrientes
2021-11-28,82,8,Entre Ríos
2021-11-28,86,9,Formosa
2021-11-28,79,10,Jujuy
2021-11-28,87,11,La Pampa
2021-11-28,86,12,La Rioja
2021-11-28,78,13,Mendoza
2021-11-28,65,14,Misiones
2021-11-28,88,15,Neuquén
2021-11-28,84,16,Río Negro
2021-11-28,92,22,S del Estero
2021-11-28,74,17,Salta
2021-11-28,81,18,San Juan
2021-11-28,85,19,San Luis
2021-11-28,75,20,Santa Cruz
2021-11-28,85,21,Santa Fe
2021-11-28,85,23,T del Fuego
2021-11-28,79,24,Tucumán
2021-11-29,81,2,Buenos Aires
2021-11-29,90,1,CABA
2021-11-29,93,3,Catamarca
2021-11-29,72,6,Chaco
2021-11-29,73,7,Chubut
2021-11-29,84,4,Córdoba
2021-11-29,84,5,Corrientes
2021-11-29,82,8,Entre Ríos
2021-11-29,86,9,Formosa
2021-11-29,79,10,Jujuy
2021-11-29,87,11,La Pampa
2021-11-29,86,12,La Rioja
2021-11-29,78,13,Mendoza
2021-11-29,65,14,Misiones
2021-11-29,88,15,Neuquén
2021-11-29,84,16,Río Negro
2021-11-29,92,22,S del Estero
2021-11-29,74,17,Salta
2021-11-29,81,18,San Juan
2021-11-29,85,19,San Luis
2021-11-29,75,20,Santa Cruz
2021-11-29,85,21,Santa Fe
2021-11-29,85,23,T del Fuego
2021-11-29,79,24,Tucumán
